GrammarId,ApprovedAssetName,RuntimeId,RuntimeIdType,Consumer,EvidencePath,LegacyAsset,MappingStatus,Notes
Glyph.Move,T_UI_Icon_Action_Move,UI.Icon.Action.Move,FName,URTActionSlotWidget::GetIconId,Source/RefactorTactics/Ability/RTCatalogLibrary.cpp:1057,RT_UI_Icon_Action_Move.svg,EXACT,"Chiave derivata da GetCoreActionCatalog; test ScreenHud verifica MakeIconId(Action.Move)"
Glyph.Wait,T_UI_Icon_Action_Wait,UI.Icon.Action.Wait,FName,URTActionSlotWidget::GetIconId,Source/RefactorTactics/Ability/RTCatalogLibrary.cpp:1050,RT_UI_Icon_Action_Wait.svg,EXACT,"Azione spedita, ResolutionPhase NormalMovement"
Glyph.Guard,T_UI_Icon_Action_Guard,UI.Icon.Action.Guard,FName,URTActionSlotWidget::GetIconId,Source/RefactorTactics/Ability/RTCatalogLibrary.cpp:1071,RT_UI_Icon_Action_Guard.svg,EXACT,"Azione spedita, ResolutionPhase Preparation"
Glyph.Overwatch,T_UI_Icon_Action_Overwatch,UI.Icon.Action.Overwatch,FName,URTActionSlotWidget::GetIconId,Source/RefactorTactics/Ability/RTCatalogLibrary.cpp:1151,RT_UI_Icon_Action_Overwatch.svg,EXACT,"Azione presente in codice; E14 porta l'infrastruttura interattiva, non l'azione"
Glyph.Confirmed,T_UI_Icon_Certainty_Confirmed,UI.Icon.Certainty.Confirmed,FName,ClassifyPlan / HUD certainty,Source/RefactorTactics/UI/RTIconLibrary.cpp:107,RT_UI_Icon_Certainty_Confirmed.svg,EXACT,"Lista dei tre livelli disegnabili scritta a mano di proposito: ERTIntentCertainty ha 4 valori, Unknown non e' disegnabile"
Glyph.Predicted,T_UI_Icon_Certainty_Predicted,UI.Icon.Certainty.Predicted,FName,ClassifyPlan / HUD certainty,Source/RefactorTactics/UI/RTIconLibrary.cpp:107,RT_UI_Icon_Certainty_Predicted.svg,EXACT,
Glyph.Uncertain,T_UI_Icon_Certainty_Uncertain,UI.Icon.Certainty.Uncertain,FName,ClassifyPlan / HUD certainty,Source/RefactorTactics/UI/RTIconLibrary.cpp:107,RT_UI_Icon_Certainty_Uncertain.svg,EXACT,
Glyph.Attack,T_UI_Icon_Action_Attack,UI.Icon.Action.BasicAttack,FName,URTActionSlotWidget::GetIconId,Source/RefactorTactics/Ability/RTCatalogLibrary.cpp:1064,RT_UI_Icon_Action_BasicAttack.svg,SEMANTIC_MATCH_NEEDS_APPROVAL,"Il runtime ha TRE attacchi distinti: BasicAttack, PrecisionAttack, HeavyAttack. Glyph.Attack e' generico. Serve decisione: un glifo per i tre o tre glifi"
Glyph.Dash,T_UI_Icon_Action_Dash,UI.Icon.Action.Sprint,FName,URTActionSlotWidget::GetIconId,Source/RefactorTactics/Ability/RTCatalogLibrary.cpp:1038,RT_UI_Icon_Action_Sprint.svg,SEMANTIC_MATCH_NEEDS_APPROVAL,"COLLISIONE DI NOME: UI.Icon.Phase.Dash esiste come FASE del turno. Action.Dash NON e' fra le azioni core spedite; il candidato semantico e' Action.Sprint (FastMovement)"
Glyph.Water,T_UI_Icon_Environment_Water,UI.Icon.Status.Wet,FName,Status tag applicato dal gameplay,Source/RefactorTactics/Core/RTGameplayTags.cpp:9,RT_UI_Icon_Status_Wet.svg,SEMANTIC_MATCH_NEEDS_APPROVAL,"Status.Wet e' lo stato di un'UNITA'; Glyph.Water e' lo stato di una SUPERFICIE. Environment.Water non e' una chiave richiesta: categoria Environment dichiarata ma non popolata"
Glyph.Fire,T_UI_Icon_Environment_Fire,UI.Icon.Status.Burning,FName,Status tag applicato dal gameplay,Source/RefactorTactics/Core/RTGameplayTags.cpp:11,RT_UI_Icon_Status_Burning.svg,SEMANTIC_MATCH_NEEDS_APPROVAL,"Stessa distinzione unita' contro superficie di Glyph.Water"
Glyph.Electric,T_UI_Icon_Environment_Electric,UI.Icon.Status.Electrified,FName,Status tag applicato dal gameplay,Source/RefactorTactics/Core/RTGameplayTags.cpp:13,RT_UI_Icon_Status_Electrified.svg,SEMANTIC_MATCH_NEEDS_APPROVAL,"Esiste anche RT_UI_Icon_Environment_Electric come asset, ma nessuna chiave richiesta lo consuma"
Glyph.Reaction,T_UI_Icon_Reaction_Generic,UI.Icon.Action.Counter,FName,URTActionSlotWidget::GetIconId,Source/RefactorTactics/Ability/RTCatalogLibrary.cpp:1302,RT_UI_Icon_Action_Counter.svg,SEMANTIC_MATCH_NEEDS_APPROVAL,"La categoria ERTIconCategory::Reaction e' dichiarata ma NON popolata. Il runtime esprime la reazione come azioni Control: Counter, Deflect, Intercept, Anchor, Purge, Evade. Un solo Glyph.Reaction non copre sei azioni"
Glyph.Cover,T_UI_Icon_Environment_Cover,UNKNOWN,UNKNOWN,NONE,UNKNOWN,RT_UI_Icon_Environment_Cover.svg,NO_RUNTIME_CONSUMER,"Categoria Environment dichiarata e non popolata. Action.CreateCover e' l'AZIONE di creare copertura, non lo stato del terreno: non e' lo stesso significato. Asset legacy esistente senza chiave"
Glyph.Height,T_UI_Icon_Environment_Height,UNKNOWN,UNKNOWN,NONE,UNKNOWN,UNKNOWN,MISSING_RUNTIME_ID,"Nessun identificatore di quota nel sistema icone. Categoria Environment non popolata"
Glyph.Critical,T_UI_Icon_Warning_Critical,UNKNOWN,UNKNOWN,NONE,UNKNOWN,UNKNOWN,NOT_REQUIRED_BY_CURRENT_BUILD,"ERTIconCategory::Warning dichiarata, nessuna chiave richiesta. La v0.1 visuale precede il sistema che la consumera'"
Glyph.FriendlyFire,T_UI_Icon_Warning_FriendlyFire,UNKNOWN,UNKNOWN,NONE,UNKNOWN,UNKNOWN,NOT_REQUIRED_BY_CURRENT_BUILD,"Categoria Warning non popolata"
Glyph.Collision,T_UI_Icon_Warning_Collision,UNKNOWN,UNKNOWN,NONE,UNKNOWN,UNKNOWN,NOT_REQUIRED_BY_CURRENT_BUILD,"Categoria Warning non popolata"
Glyph.InsufficientResource,T_UI_Icon_Warning_InsufficientResource,UNKNOWN,UNKNOWN,NONE,UNKNOWN,UNKNOWN,NOT_REQUIRED_BY_CURRENT_BUILD,"Categoria Warning non popolata"
Glyph.InvalidTarget,T_UI_Icon_Warning_InvalidTarget,UNKNOWN,UNKNOWN,NONE,UNKNOWN,UNKNOWN,NOT_REQUIRED_BY_CURRENT_BUILD,"Categoria Warning non popolata"
Glyph.UncertainOutcome,T_UI_Icon_Warning_UncertainOutcome,UNKNOWN,UNKNOWN,NONE,UNKNOWN,UNKNOWN,NOT_REQUIRED_BY_CURRENT_BUILD,"Categoria Warning non popolata. Non confondere con Certainty.Uncertain, che invece e' richiesta"
Glyph.Waypoint,T_UI_Icon_Marker_Waypoint,UNKNOWN,UNKNOWN,NONE,UNKNOWN,UNKNOWN,MISSING_RUNTIME_ID,"Nessuna categoria Marker in ERTIconCategory. Le dodici categorie dichiarate non includono Marker"
Glyph.Destination,T_UI_Icon_Marker_Destination,UNKNOWN,UNKNOWN,NONE,UNKNOWN,UNKNOWN,MISSING_RUNTIME_ID,"Nessuna categoria Marker in ERTIconCategory"
Glyph.LastContact,T_UI_Icon_Intel_LastContact,UNKNOWN,UNKNOWN,NONE,UNKNOWN,UNKNOWN,NOT_REQUIRED_BY_CURRENT_BUILD,"Il concetto esiste come ERTIconCategory::Information (visibile, sentito, ultima posizione nota), dichiarata e non popolata. Nessuna categoria Intel: il nome v0.1 divergerebbe dalla tassonomia del codice"
