source,hero,ability,binding,type,url,local_path,status,error,width,height,mime
paragon-archive,,Abilities Icons Sevarog Colossal Blow.svg,,,https://static.wikia.nocookie.net/paragon_gamepedia/images/6/6b/Abilities_Icons_Sevarog_Colossal_Blow.svg/revision/latest?cb=20160329160357,Paragon_Archive\Abilities Icons Sevarog Colossal Blow.svg,ok,,512,533,image/svg+xml
paragon-archive,,Abilities Icons Sevarog Hammer.svg,,,https://static.wikia.nocookie.net/paragon_gamepedia/images/c/c2/Abilities_Icons_Sevarog_Hammer.svg/revision/latest?cb=20160329160402,Paragon_Archive\Abilities Icons Sevarog Hammer.svg,ok,,512,805,image/svg+xml
paragon-archive,,Abilities Icons Sevarog Phantom Rush.svg,,,https://static.wikia.nocookie.net/paragon_gamepedia/images/3/3e/Abilities_Icons_Sevarog_Phantom_Rush.svg/revision/latest?cb=20160329160408,Paragon_Archive\Abilities Icons Sevarog Phantom Rush.svg,ok,,512,512,image/svg+xml
paragon-archive,,Abilities Icons Sevarog Siphon.svg,,,https://static.wikia.nocookie.net/paragon_gamepedia/images/7/7c/Abilities_Icons_Sevarog_Siphon.svg/revision/latest?cb=20160329160414,Paragon_Archive\Abilities Icons Sevarog Siphon.svg,ok,,512,515,image/svg+xml
paragon-archive,,Abilities Icons Sevarog Soul Tap.svg,,,https://static.wikia.nocookie.net/paragon_gamepedia/images/c/cf/Abilities_Icons_Sevarog_Soul_Tap.svg/revision/latest?cb=20160329160420,Paragon_Archive\Abilities Icons Sevarog Soul Tap.svg,ok,,512,478,image/svg+xml
paragon-archive,,Abilities Icons Sevarog Subjugate.svg,,,https://static.wikia.nocookie.net/paragon_gamepedia/images/4/42/Abilities_Icons_Sevarog_Subjugate.svg/revision/latest?cb=20160329160431,Paragon_Archive\Abilities Icons Sevarog Subjugate.svg,ok,,512,510,image/svg+xml
paragon-archive,,Dekker E.png,,,https://static.wikia.nocookie.net/paragon_gamepedia/images/6/68/Dekker_E.png/revision/latest?cb=20160319105116,Paragon_Archive\Dekker E.png,ok,,128,128,image/png
paragon-archive,,Dekker LMB.png,,,https://static.wikia.nocookie.net/paragon_gamepedia/images/f/f1/Dekker_LMB.png/revision/latest?cb=20160319105121,Paragon_Archive\Dekker LMB.png,ok,,128,128,image/png
paragon-archive,,Dekker Pass.png,,,https://static.wikia.nocookie.net/paragon_gamepedia/images/5/55/Dekker_Pass.png/revision/latest?cb=20160319105127,Paragon_Archive\Dekker Pass.png,ok,,128,128,image/png
paragon-archive,,Dekker Q.png,,,https://static.wikia.nocookie.net/paragon_gamepedia/images/e/e6/Dekker_Q.png/revision/latest?cb=20160319105132,Paragon_Archive\Dekker Q.png,ok,,128,128,image/png
paragon-archive,,Dekker R.png,,,https://static.wikia.nocookie.net/paragon_gamepedia/images/5/57/Dekker_R.png/revision/latest?cb=20160319105138,Paragon_Archive\Dekker R.png,ok,,128,128,image/png
paragon-archive,,Dekker RMB.png,,,https://static.wikia.nocookie.net/paragon_gamepedia/images/6/64/Dekker_RMB.png/revision/latest?cb=20160319105143,Paragon_Archive\Dekker RMB.png,ok,,128,128,image/png
paragon-archive,,FengMao E.png,,,https://static.wikia.nocookie.net/paragon_gamepedia/images/a/af/FengMao_E.png/revision/latest?cb=20160319105149,Paragon_Archive\FengMao E.png,ok,,128,128,image/png
paragon-archive,,FengMao LMB.png,,,https://static.wikia.nocookie.net/paragon_gamepedia/images/d/da/FengMao_LMB.png/revision/latest?cb=20160319105154,Paragon_Archive\FengMao LMB.png,ok,,128,128,image/png
paragon-archive,,FengMao Pass.png,,,https://static.wikia.nocookie.net/paragon_gamepedia/images/0/0d/FengMao_Pass.png/revision/latest?cb=20160319105200,Paragon_Archive\FengMao Pass.png,ok,,128,128,image/png
paragon-archive,,FengMao Q.png,,,https://static.wikia.nocookie.net/paragon_gamepedia/images/2/25/FengMao_Q.png/revision/latest?cb=20160319105205,Paragon_Archive\FengMao Q.png,ok,,128,128,image/png
paragon-archive,,FengMao R.png,,,https://static.wikia.nocookie.net/paragon_gamepedia/images/f/f3/FengMao_R.png/revision/latest?cb=20160319105211,Paragon_Archive\FengMao R.png,ok,,128,128,image/png
paragon-archive,,FengMao RMB.png,,,https://static.wikia.nocookie.net/paragon_gamepedia/images/5/53/FengMao_RMB.png/revision/latest?cb=20160319105216,Paragon_Archive\FengMao RMB.png,ok,,128,128,image/png
paragon-archive,,Gideon E.png,,,https://static.wikia.nocookie.net/paragon_gamepedia/images/0/02/Gideon_E.png/revision/latest?cb=20160319105222,Paragon_Archive\Gideon E.png,ok,,128,128,image/png
paragon-archive,,Gideon LMB.png,,,https://static.wikia.nocookie.net/paragon_gamepedia/images/f/fa/Gideon_LMB.png/revision/latest?cb=20160319105227,Paragon_Archive\Gideon LMB.png,ok,,128,128,image/png
paragon-archive,,Gideon Pass.png,,,https://static.wikia.nocookie.net/paragon_gamepedia/images/b/bd/Gideon_Pass.png/revision/latest?cb=20160319105233,Paragon_Archive\Gideon Pass.png,ok,,128,128,image/png
paragon-archive,,Gideon Q.png,,,https://static.wikia.nocookie.net/paragon_gamepedia/images/7/7b/Gideon_Q.png/revision/latest?cb=20160319105238,Paragon_Archive\Gideon Q.png,ok,,128,128,image/png
paragon-archive,,Gideon R.png,,,https://static.wikia.nocookie.net/paragon_gamepedia/images/7/7e/Gideon_R.png/revision/latest?cb=20160319105243,Paragon_Archive\Gideon R.png,ok,,128,128,image/png
paragon-archive,,Gideon RMB.png,,,https://static.wikia.nocookie.net/paragon_gamepedia/images/f/f2/Gideon_RMB.png/revision/latest?cb=20160319105254,Paragon_Archive\Gideon RMB.png,ok,,128,128,image/png
paragon-archive,,Grux E.png,,,https://static.wikia.nocookie.net/paragon_gamepedia/images/8/80/Grux_E.png/revision/latest?cb=20160319105259,Paragon_Archive\Grux E.png,ok,,128,128,image/png
paragon-archive,,Grux LMB.png,,,https://static.wikia.nocookie.net/paragon_gamepedia/images/f/fa/Grux_LMB.png/revision/latest?cb=20160319105304,Paragon_Archive\Grux LMB.png,ok,,128,128,image/png
paragon-archive,,Grux Passive.png,,,https://static.wikia.nocookie.net/paragon_gamepedia/images/2/22/Grux_Passive.png/revision/latest?cb=20160319105310,Paragon_Archive\Grux Passive.png,ok,,128,128,image/png
paragon-archive,,Grux Q.png,,,https://static.wikia.nocookie.net/paragon_gamepedia/images/a/af/Grux_Q.png/revision/latest?cb=20160319105315,Paragon_Archive\Grux Q.png,ok,,128,128,image/png
paragon-archive,,Grux R.png,,,https://static.wikia.nocookie.net/paragon_gamepedia/images/e/eb/Grux_R.png/revision/latest?cb=20160319105321,Paragon_Archive\Grux R.png,ok,,128,128,image/png
paragon-archive,,Grux RMB.png,,,https://static.wikia.nocookie.net/paragon_gamepedia/images/6/63/Grux_RMB.png/revision/latest?cb=20160319105326,Paragon_Archive\Grux RMB.png,ok,,128,128,image/png
paragon-archive,,Howitzer E.png,,,https://static.wikia.nocookie.net/paragon_gamepedia/images/6/67/Howitzer_E.png/revision/latest?cb=20160319105332,Paragon_Archive\Howitzer E.png,ok,,128,128,image/png
paragon-archive,,Howitzer LMB.png,,,https://static.wikia.nocookie.net/paragon_gamepedia/images/2/2e/Howitzer_LMB.png/revision/latest?cb=20160319105337,Paragon_Archive\Howitzer LMB.png,ok,,128,128,image/png
paragon-archive,,Howitzer Pass.png,,,https://static.wikia.nocookie.net/paragon_gamepedia/images/0/02/Howitzer_Pass.png/revision/latest?cb=20160319105343,Paragon_Archive\Howitzer Pass.png,ok,,128,128,image/png
paragon-archive,,Howitzer Q.png,,,https://static.wikia.nocookie.net/paragon_gamepedia/images/5/59/Howitzer_Q.png/revision/latest?cb=20160319105348,Paragon_Archive\Howitzer Q.png,ok,,128,128,image/png
paragon-archive,,Howitzer R.png,,,https://static.wikia.nocookie.net/paragon_gamepedia/images/1/17/Howitzer_R.png/revision/latest?cb=20160319105354,Paragon_Archive\Howitzer R.png,ok,,128,128,image/png
paragon-archive,,Howitzer RMB.png,,,https://static.wikia.nocookie.net/paragon_gamepedia/images/c/ca/Howitzer_RMB.png/revision/latest?cb=20160319105359,Paragon_Archive\Howitzer RMB.png,ok,,128,128,image/png
paragon-archive,,Icon Attack Speed.png,,,https://static.wikia.nocookie.net/paragon_gamepedia/images/6/65/Icon_Attack_Speed.png/revision/latest?cb=20160319105834,Paragon_Archive\Icon Attack Speed.png,ok,,128,128,image/png
paragon-archive,,Icon Cleave.png,,,https://static.wikia.nocookie.net/paragon_gamepedia/images/0/0d/Icon_Cleave.png/revision/latest?cb=20160319105840,Paragon_Archive\Icon Cleave.png,ok,,128,128,image/png
paragon-archive,,Icon Cooldown Reduction.png,,,https://static.wikia.nocookie.net/paragon_gamepedia/images/c/ca/Icon_Cooldown_Reduction.png/revision/latest?cb=20160319105845,Paragon_Archive\Icon Cooldown Reduction.png,ok,,128,128,image/png
paragon-archive,,Icon Critical strike Chance.png,,,https://static.wikia.nocookie.net/paragon_gamepedia/images/f/f9/Icon_Critical_strike_Chance.png/revision/latest?cb=20160319105851,Paragon_Archive\Icon Critical strike Chance.png,ok,,128,128,image/png
paragon-archive,,Icon Critical Strike Damage.png,,,https://static.wikia.nocookie.net/paragon_gamepedia/images/3/3e/Icon_Critical_Strike_Damage.png/revision/latest?cb=20160319105858,Paragon_Archive\Icon Critical Strike Damage.png,ok,,128,128,image/png
paragon-archive,,Icon Energy Armour Pierce.png,,,https://static.wikia.nocookie.net/paragon_gamepedia/images/b/b5/Icon_Energy_Armour_Pierce.png/revision/latest?cb=20160319105911,Paragon_Archive\Icon Energy Armour Pierce.png,ok,,128,128,image/png
paragon-archive,,Icon Energy Armour.png,,,https://static.wikia.nocookie.net/paragon_gamepedia/images/c/c1/Icon_Energy_Armour.png/revision/latest?cb=20160319105905,Paragon_Archive\Icon Energy Armour.png,ok,,128,128,image/png
paragon-archive,,Icon Energy Rating.png,,,https://static.wikia.nocookie.net/paragon_gamepedia/images/d/db/Icon_Energy_Rating.png/revision/latest?cb=20160319105917,Paragon_Archive\Icon Energy Rating.png,ok,,128,128,image/png
paragon-archive,,Icon Health Regen.png,,,https://static.wikia.nocookie.net/paragon_gamepedia/images/2/2e/Icon_Health_Regen.png/revision/latest?cb=20160319105923,Paragon_Archive\Icon Health Regen.png,ok,,128,128,image/png
paragon-archive,,Icon Lifesteal.png,,,https://static.wikia.nocookie.net/paragon_gamepedia/images/e/e6/Icon_Lifesteal.png/revision/latest?cb=20160319105928,Paragon_Archive\Icon Lifesteal.png,ok,,128,128,image/png
paragon-archive,,Icon Mana Regen.png,,,https://static.wikia.nocookie.net/paragon_gamepedia/images/1/16/Icon_Mana_Regen.png/revision/latest?cb=20160319105933,Paragon_Archive\Icon Mana Regen.png,ok,,128,128,image/png
paragon-archive,,Icon Max Health.png,,,https://static.wikia.nocookie.net/paragon_gamepedia/images/5/5a/Icon_Max_Health.png/revision/latest?cb=20160319105939,Paragon_Archive\Icon Max Health.png,ok,,128,128,image/png
paragon-archive,,Icon Max Mana.png,,,https://static.wikia.nocookie.net/paragon_gamepedia/images/d/d3/Icon_Max_Mana.png/revision/latest?cb=20160319105944,Paragon_Archive\Icon Max Mana.png,ok,,128,128,image/png
paragon-archive,,Icon Movement Speed.png,,,https://static.wikia.nocookie.net/paragon_gamepedia/images/f/f6/Icon_Movement_Speed.png/revision/latest?cb=20160319105950,Paragon_Archive\Icon Movement Speed.png,ok,,128,128,image/png
paragon-archive,,Icon Perseverance.png,,,https://static.wikia.nocookie.net/paragon_gamepedia/images/8/84/Icon_Perseverance.png/revision/latest?cb=20160319105955,Paragon_Archive\Icon Perseverance.png,ok,,128,128,image/png
paragon-archive,,Icon Physical Armour Pierce.png,,,https://static.wikia.nocookie.net/paragon_gamepedia/images/9/95/Icon_Physical_Armour_Pierce.png/revision/latest?cb=20160319110011,Paragon_Archive\Icon Physical Armour Pierce.png,ok,,128,128,image/png
paragon-archive,,Icon Physical Armour.png,,,https://static.wikia.nocookie.net/paragon_gamepedia/images/8/8c/Icon_Physical_Armour.png/revision/latest?cb=20160319110000,Paragon_Archive\Icon Physical Armour.png,ok,,128,128,image/png
paragon-archive,,Icon Physical Rating.png,,,https://static.wikia.nocookie.net/paragon_gamepedia/images/6/66/Icon_Physical_Rating.png/revision/latest?cb=20160319110017,Paragon_Archive\Icon Physical Rating.png,ok,,128,128,image/png
paragon-archive,,Icon PrimeHelix.png,,,https://static.wikia.nocookie.net/paragon_gamepedia/images/9/9b/Icon_PrimeHelix.png/revision/latest?cb=20160319110022,Paragon_Archive\Icon PrimeHelix.png,ok,,128,128,image/png
paragon-archive,,Icon Shield Pierce.png,,,https://static.wikia.nocookie.net/paragon_gamepedia/images/3/35/Icon_Shield_Pierce.png/revision/latest?cb=20160319110027,Paragon_Archive\Icon Shield Pierce.png,ok,,128,128,image/png
paragon-archive,,Icon StructureDamage.png,,,https://static.wikia.nocookie.net/paragon_gamepedia/images/1/1a/Icon_StructureDamage.png/revision/latest?cb=20160319110033,Paragon_Archive\Icon StructureDamage.png,ok,,128,128,image/png
paragon-archive,,Icon Travel Speed.png,,,https://static.wikia.nocookie.net/paragon_gamepedia/images/7/74/Icon_Travel_Speed.png/revision/latest?cb=20160319110038,Paragon_Archive\Icon Travel Speed.png,ok,,128,128,image/png
paragon-archive,,Kallari E.png,,,https://static.wikia.nocookie.net/paragon_gamepedia/images/3/31/Kallari_E.png/revision/latest?cb=20160319105405,Paragon_Archive\Kallari E.png,ok,,128,128,image/png
paragon-archive,,Kallari LMB.png,,,https://static.wikia.nocookie.net/paragon_gamepedia/images/0/09/Kallari_LMB.png/revision/latest?cb=20160319105410,Paragon_Archive\Kallari LMB.png,ok,,128,128,image/png
paragon-archive,,Kallari Pass.png,,,https://static.wikia.nocookie.net/paragon_gamepedia/images/7/78/Kallari_Pass.png/revision/latest?cb=20160319105416,Paragon_Archive\Kallari Pass.png,ok,,128,128,image/png
paragon-archive,,Kallari Q.png,,,https://static.wikia.nocookie.net/paragon_gamepedia/images/7/77/Kallari_Q.png/revision/latest?cb=20160319105421,Paragon_Archive\Kallari Q.png,ok,,128,128,image/png
paragon-archive,,Kallari R.png,,,https://static.wikia.nocookie.net/paragon_gamepedia/images/9/9d/Kallari_R.png/revision/latest?cb=20160319105427,Paragon_Archive\Kallari R.png,ok,,128,128,image/png
paragon-archive,,Kallari RMB.png,,,https://static.wikia.nocookie.net/paragon_gamepedia/images/3/3f/Kallari_RMB.png/revision/latest?cb=20160319105433,Paragon_Archive\Kallari RMB.png,ok,,128,128,image/png
paragon-archive,,Minimap Targeting.png,,,https://static.wikia.nocookie.net/paragon_gamepedia/images/0/06/Minimap_Targeting.png/revision/latest?cb=20160319105810,Paragon_Archive\Minimap Targeting.png,ok,,64,64,image/png
paragon-archive,,Minimap Tower.png,,,https://static.wikia.nocookie.net/paragon_gamepedia/images/a/a8/Minimap_Tower.png/revision/latest?cb=20160319105815,Paragon_Archive\Minimap Tower.png,ok,,64,64,image/png
paragon-archive,,Minimap Turret.png,,,https://static.wikia.nocookie.net/paragon_gamepedia/images/3/35/Minimap_Turret.png/revision/latest?cb=20160319105822,Paragon_Archive\Minimap Turret.png,ok,,64,64,image/png
paragon-archive,,Minimap Well Active.png,,,https://static.wikia.nocookie.net/paragon_gamepedia/images/3/3f/Minimap_Well_Active.png/revision/latest?cb=20160319105804,Paragon_Archive\Minimap Well Active.png,ok,,64,64,image/png
paragon-archive,,Minimap Well.png,,,https://static.wikia.nocookie.net/paragon_gamepedia/images/a/ae/Minimap_Well.png/revision/latest?cb=20160319105828,Paragon_Archive\Minimap Well.png,ok,,64,64,image/png
paragon-archive,,Murdock E.png,,,https://static.wikia.nocookie.net/paragon_gamepedia/images/e/e9/Murdock_E.png/revision/latest?cb=20160319105438,Paragon_Archive\Murdock E.png,ok,,128,128,image/png
paragon-archive,,Murdock LMB.png,,,https://static.wikia.nocookie.net/paragon_gamepedia/images/d/d1/Murdock_LMB.png/revision/latest?cb=20160319105444,Paragon_Archive\Murdock LMB.png,ok,,128,128,image/png
paragon-archive,,Murdock Pass.png,,,https://static.wikia.nocookie.net/paragon_gamepedia/images/b/bc/Murdock_Pass.png/revision/latest?cb=20160319105449,Paragon_Archive\Murdock Pass.png,ok,,128,128,image/png
paragon-archive,,Murdock Q.png,,,https://static.wikia.nocookie.net/paragon_gamepedia/images/d/d5/Murdock_Q.png/revision/latest?cb=20160319105459,Paragon_Archive\Murdock Q.png,ok,,128,128,image/png
paragon-archive,,Murdock R.png,,,https://static.wikia.nocookie.net/paragon_gamepedia/images/f/f1/Murdock_R.png/revision/latest?cb=20160319105505,Paragon_Archive\Murdock R.png,ok,,128,128,image/png
paragon-archive,,Murdock RMB.png,,,https://static.wikia.nocookie.net/paragon_gamepedia/images/9/91/Murdock_RMB.png/revision/latest?cb=20160319105511,Paragon_Archive\Murdock RMB.png,ok,,128,128,image/png
paragon-archive,,Muriel E.png,,,https://static.wikia.nocookie.net/paragon_gamepedia/images/2/2c/Muriel_E.png/revision/latest?cb=20160319105516,Paragon_Archive\Muriel E.png,ok,,128,128,image/png
paragon-archive,,Muriel LMB.png,,,https://static.wikia.nocookie.net/paragon_gamepedia/images/f/f7/Muriel_LMB.png/revision/latest?cb=20160319105522,Paragon_Archive\Muriel LMB.png,ok,,128,128,image/png
paragon-archive,,Muriel Pass.png,,,https://static.wikia.nocookie.net/paragon_gamepedia/images/d/d3/Muriel_Pass.png/revision/latest?cb=20160319105527,Paragon_Archive\Muriel Pass.png,ok,,128,128,image/png
paragon-archive,,Muriel Q.png,,,https://static.wikia.nocookie.net/paragon_gamepedia/images/0/0f/Muriel_Q.png/revision/latest?cb=20160319105532,Paragon_Archive\Muriel Q.png,ok,,128,128,image/png
paragon-archive,,Muriel R.png,,,https://static.wikia.nocookie.net/paragon_gamepedia/images/1/1d/Muriel_R.png/revision/latest?cb=20160319105538,Paragon_Archive\Muriel R.png,ok,,128,128,image/png
paragon-archive,,Muriel RMB.png,,,https://static.wikia.nocookie.net/paragon_gamepedia/images/a/ac/Muriel_RMB.png/revision/latest?cb=20160319105543,Paragon_Archive\Muriel RMB.png,ok,,128,128,image/png
paragon-archive,,Rampage E.png,,,https://static.wikia.nocookie.net/paragon_gamepedia/images/b/b1/Rampage_E.png/revision/latest?cb=20160319105549,Paragon_Archive\Rampage E.png,ok,,128,128,image/png
paragon-archive,,Rampage LMB.png,,,https://static.wikia.nocookie.net/paragon_gamepedia/images/8/84/Rampage_LMB.png/revision/latest?cb=20160319105554,Paragon_Archive\Rampage LMB.png,ok,,128,128,image/png
paragon-archive,,Rampage Pass.png,,,https://static.wikia.nocookie.net/paragon_gamepedia/images/c/c9/Rampage_Pass.png/revision/latest?cb=20160319105600,Paragon_Archive\Rampage Pass.png,ok,,128,128,image/png
paragon-archive,,Rampage Q.png,,,https://static.wikia.nocookie.net/paragon_gamepedia/images/2/28/Rampage_Q.png/revision/latest?cb=20160319105605,Paragon_Archive\Rampage Q.png,ok,,128,128,image/png
paragon-archive,,Rampage R.png,,,https://static.wikia.nocookie.net/paragon_gamepedia/images/1/11/Rampage_R.png/revision/latest?cb=20160319105611,Paragon_Archive\Rampage R.png,ok,,128,128,image/png
paragon-archive,,Rampage RMB.png,,,https://static.wikia.nocookie.net/paragon_gamepedia/images/a/a6/Rampage_RMB.png/revision/latest?cb=20160319105616,Paragon_Archive\Rampage RMB.png,ok,,128,128,image/png
paragon-archive,,Sparrow E.png,,,https://static.wikia.nocookie.net/paragon_gamepedia/images/7/7a/Sparrow_E.png/revision/latest?cb=20160319105621,Paragon_Archive\Sparrow E.png,ok,,128,128,image/png
paragon-archive,,Sparrow LMB.png,,,https://static.wikia.nocookie.net/paragon_gamepedia/images/a/ab/Sparrow_LMB.png/revision/latest?cb=20160319105627,Paragon_Archive\Sparrow LMB.png,ok,,128,128,image/png
paragon-archive,,Sparrow Passive.png,,,https://static.wikia.nocookie.net/paragon_gamepedia/images/d/d5/Sparrow_Passive.png/revision/latest?cb=20160319105632,Paragon_Archive\Sparrow Passive.png,ok,,128,128,image/png
paragon-archive,,Sparrow Q.png,,,https://static.wikia.nocookie.net/paragon_gamepedia/images/8/87/Sparrow_Q.png/revision/latest?cb=20160319105638,Paragon_Archive\Sparrow Q.png,ok,,128,128,image/png
paragon-archive,,Sparrow R.png,,,https://static.wikia.nocookie.net/paragon_gamepedia/images/c/c8/Sparrow_R.png/revision/latest?cb=20160319105643,Paragon_Archive\Sparrow R.png,ok,,128,128,image/png
paragon-archive,,Sparrow RMB.png,,,https://static.wikia.nocookie.net/paragon_gamepedia/images/e/e4/Sparrow_RMB.png/revision/latest?cb=20160319105649,Paragon_Archive\Sparrow RMB.png,ok,,128,128,image/png
paragon-archive,,Steel E.png,,,https://static.wikia.nocookie.net/paragon_gamepedia/images/9/9e/Steel_E.png/revision/latest?cb=20160319105654,Paragon_Archive\Steel E.png,ok,,128,128,image/png
paragon-archive,,Steel LMB.png,,,https://static.wikia.nocookie.net/paragon_gamepedia/images/2/2c/Steel_LMB.png/revision/latest?cb=20160319105700,Paragon_Archive\Steel LMB.png,ok,,128,128,image/png
paragon-archive,,Steel Pass.png,,,https://static.wikia.nocookie.net/paragon_gamepedia/images/4/47/Steel_Pass.png/revision/latest?cb=20160319105705,Paragon_Archive\Steel Pass.png,ok,,128,128,image/png
paragon-archive,,Steel Q.png,,,https://static.wikia.nocookie.net/paragon_gamepedia/images/8/89/Steel_Q.png/revision/latest?cb=20160319105711,Paragon_Archive\Steel Q.png,ok,,128,128,image/png
paragon-archive,,Steel R.png,,,https://static.wikia.nocookie.net/paragon_gamepedia/images/e/e2/Steel_R.png/revision/latest?cb=20160319105717,Paragon_Archive\Steel R.png,ok,,128,128,image/png
paragon-archive,,Steel RMB.png,,,https://static.wikia.nocookie.net/paragon_gamepedia/images/b/b5/Steel_RMB.png/revision/latest?cb=20160319105722,Paragon_Archive\Steel RMB.png,ok,,128,128,image/png
paragon-archive,,TwinBlast E.png,,,https://static.wikia.nocookie.net/paragon_gamepedia/images/b/b4/TwinBlast_E.png/revision/latest?cb=20160319105727,Paragon_Archive\TwinBlast E.png,ok,,128,128,image/png
paragon-archive,,TwinBlast LMB.png,,,https://static.wikia.nocookie.net/paragon_gamepedia/images/8/82/TwinBlast_LMB.png/revision/latest?cb=20160319105734,Paragon_Archive\TwinBlast LMB.png,ok,,128,128,image/png
paragon-archive,,TwinBlast Pass.png,,,https://static.wikia.nocookie.net/paragon_gamepedia/images/7/77/TwinBlast_Pass.png/revision/latest?cb=20160319105740,Paragon_Archive\TwinBlast Pass.png,ok,,128,128,image/png
paragon-archive,,TwinBlast Q.png,,,https://static.wikia.nocookie.net/paragon_gamepedia/images/f/f7/TwinBlast_Q.png/revision/latest?cb=20160319105746,Paragon_Archive\TwinBlast Q.png,ok,,128,128,image/png
paragon-archive,,TwinBlast R.png,,,https://static.wikia.nocookie.net/paragon_gamepedia/images/2/26/TwinBlast_R.png/revision/latest?cb=20160319105752,Paragon_Archive\TwinBlast R.png,ok,,128,128,image/png
paragon-archive,,TwinBlast RMB.png,,,https://static.wikia.nocookie.net/paragon_gamepedia/images/4/42/TwinBlast_RMB.png/revision/latest?cb=20160319105758,Paragon_Archive\TwinBlast RMB.png,ok,,128,128,image/png
epic-api-dump,Aurora,Frozen Sword,LMB,Basic,https://developer-paragon-cdn.epicgames.com/Images/15472A9352A4102A4BC9A13A955B713774DE49D4.png,Epic_CDN\Aurora\01_LMB_Frozen Sword.png,failed,URLError: <urlopen error [Errno 11001] getaddrinfo failed>,,,
epic-api-dump,Aurora,Frozen Simulacrum,RMB,Alternate,https://developer-paragon-cdn.epicgames.com/Images/688217BCCAD8476DD26C4145DAAFD7F0119517BB.png,Epic_CDN\Aurora\02_RMB_Frozen Simulacrum.png,failed,URLError: <urlopen error [Errno 11001] getaddrinfo failed>,,,
epic-api-dump,Aurora,Glacial Charge,Q,Primary,https://developer-paragon-cdn.epicgames.com/Images/8E3395AAD3FF9188198DECD689C443BBEE25B1E1.png,Epic_CDN\Aurora\03_Q_Glacial Charge.png,failed,URLError: <urlopen error [Errno 11001] getaddrinfo failed>,,,
epic-api-dump,Aurora,Hoarfrost,E,Secondary,https://developer-paragon-cdn.epicgames.com/Images/6EDCA425F9A34303A3030BDFCCF4DE60DB2A55C7.png,Epic_CDN\Aurora\04_E_Hoarfrost.png,failed,URLError: <urlopen error [Errno 11001] getaddrinfo failed>,,,
epic-api-dump,Aurora,Cryoseism,R,Ultimate,https://developer-paragon-cdn.epicgames.com/Images/769D217B9DEF6A4A086F2CD9D8089D4A2E4E8ACD.png,Epic_CDN\Aurora\05_R_Cryoseism.png,failed,URLError: <urlopen error [Errno 11001] getaddrinfo failed>,,,
epic-api-dump,Countess,Slice,LMB,Basic,https://developer-paragon-cdn.epicgames.com/Images/649706D0363894E98BDB949A8CA2D1346D10B0AD.png,Epic_CDN\Countess\01_LMB_Slice.png,failed,URLError: <urlopen error [Errno 11001] getaddrinfo failed>,,,
epic-api-dump,Countess,Blade Siphon,RMB,Alternate,https://developer-paragon-cdn.epicgames.com/Images/C43FC01DF0B9115FCA3DDC951AD3D081C7205863.png,Epic_CDN\Countess\02_RMB_Blade Siphon.png,failed,URLError: <urlopen error [Errno 11001] getaddrinfo failed>,,,
epic-api-dump,Countess,Shadow Slip,Q,Primary,https://developer-paragon-cdn.epicgames.com/Images/C371C57AE478F7EA9CDDE737D9AFA0A00CA54CEB.png,Epic_CDN\Countess\03_Q_Shadow Slip.png,failed,URLError: <urlopen error [Errno 11001] getaddrinfo failed>,,,
epic-api-dump,Countess,Dark Tide,E,Secondary,https://developer-paragon-cdn.epicgames.com/Images/F4142AE6F5EA25B2557940D804BD9013D7896A8A.png,Epic_CDN\Countess\04_E_Dark Tide.png,failed,URLError: <urlopen error [Errno 11001] getaddrinfo failed>,,,
epic-api-dump,Countess,Feast,R,Ultimate,https://developer-paragon-cdn.epicgames.com/Images/5B2933708D70010989D96D22C3F48C91A323F62F.png,Epic_CDN\Countess\05_R_Feast.png,failed,URLError: <urlopen error [Errno 11001] getaddrinfo failed>,,,
epic-api-dump,Crunch,Punch,LMB,Basic,https://developer-paragon-cdn.epicgames.com/Images/8990D9F55EFEAB8D6AA406D0B548D208F7C7DE0A.png,Epic_CDN\Crunch\01_LMB_Punch.png,failed,URLError: <urlopen error [Errno 11001] getaddrinfo failed>,,,
epic-api-dump,Crunch,Forward Crunch!,RMB,Alternate,https://developer-paragon-cdn.epicgames.com/Images/B3D3D15282FD1B88A236F8C0CA4044F8039241F1.png,Epic_CDN\Crunch\02_RMB_Forward Crunch!.png,failed,URLError: <urlopen error [Errno 11001] getaddrinfo failed>,,,
epic-api-dump,Crunch,Left Crunch,Q,Primary,https://developer-paragon-cdn.epicgames.com/Images/B48DF841A39070EBEE70560C2332BCC6A4A03392.png,Epic_CDN\Crunch\03_Q_Left Crunch.png,failed,URLError: <urlopen error [Errno 11001] getaddrinfo failed>,,,
epic-api-dump,Crunch,Right Crunch,E,Secondary,https://developer-paragon-cdn.epicgames.com/Images/3EBBEC92EECD3B3F59432ABA66E264470817A272.png,Epic_CDN\Crunch\04_E_Right Crunch.png,failed,URLError: <urlopen error [Errno 11001] getaddrinfo failed>,,,
epic-api-dump,Crunch,Re-Crunch,R,Ultimate,https://developer-paragon-cdn.epicgames.com/Images/E5EB288D831AA7D1E8715FF35BDB5D7431508741.png,Epic_CDN\Crunch\05_R_Re-Crunch.png,failed,URLError: <urlopen error [Errno 11001] getaddrinfo failed>,,,
epic-api-dump,Dekker,Energy Orb,LMB,Basic,https://developer-paragon-cdn.epicgames.com/Images/D53EF17DE90A9B39E3BA9254972248E32C0D7800.png,Epic_CDN\Dekker\01_LMB_Energy Orb.png,failed,URLError: <urlopen error [Errno 11001] getaddrinfo failed>,,,
epic-api-dump,Dekker,Rocket Boots,RMB,Alternate,https://developer-paragon-cdn.epicgames.com/Images/649DC80E759AB10818A699D2B8B70B1BD502601E.png,Epic_CDN\Dekker\02_RMB_Rocket Boots.png,failed,URLError: <urlopen error [Errno 11001] getaddrinfo failed>,,,
epic-api-dump,Dekker,Stasis Bomb,Q,Primary,https://developer-paragon-cdn.epicgames.com/Images/887918CC12C72139A58DEFC1184D4341DACA60F4.png,Epic_CDN\Dekker\03_Q_Stasis Bomb.png,failed,URLError: <urlopen error [Errno 11001] getaddrinfo failed>,,,
epic-api-dump,Dekker,Slow Bubble,E,Secondary,https://developer-paragon-cdn.epicgames.com/Images/8F67B64D55880E1181FBFB510A4D0656BB489E5F.png,Epic_CDN\Dekker\04_E_Slow Bubble.png,failed,URLError: <urlopen error [Errno 11001] getaddrinfo failed>,,,
epic-api-dump,Dekker,Containment Fence,R,Ultimate,https://developer-paragon-cdn.epicgames.com/Images/A54DB67F17143EBC1FA05DF571F399DDCFC8BF07.png,Epic_CDN\Dekker\05_R_Containment Fence.png,failed,URLError: <urlopen error [Errno 11001] getaddrinfo failed>,,,
epic-api-dump,Drongo,Pistol Shot,LMB,Basic,https://developer-paragon-cdn.epicgames.com/Images/26E80388361B3E3F20219F42C9ED43C230A4029B.png,Epic_CDN\Drongo\01_LMB_Pistol Shot.png,failed,URLError: <urlopen error [Errno 11001] getaddrinfo failed>,,,
epic-api-dump,Drongo,"""Old Rusty""",RMB,Alternate,https://developer-paragon-cdn.epicgames.com/Images/D171A380BA0A9AA5CE164881DFEB7C6D618CC626.png,Epic_CDN\Drongo\02_RMB__Old Rusty_.png,failed,URLError: <urlopen error [Errno 11001] getaddrinfo failed>,,,
epic-api-dump,Drongo,Gag Grenade,Q,Primary,https://developer-paragon-cdn.epicgames.com/Images/2E78E713E8F9C6636D1EB45BD7F1015559D4B5D5.png,Epic_CDN\Drongo\03_Q_Gag Grenade.png,failed,URLError: <urlopen error [Errno 11001] getaddrinfo failed>,,,
epic-api-dump,Drongo,Rad Rounds,E,Secondary,https://developer-paragon-cdn.epicgames.com/Images/5CC13D5191D6F255E75227CA81D90E0854E5D603.png,Epic_CDN\Drongo\04_E_Rad Rounds.png,failed,URLError: <urlopen error [Errno 11001] getaddrinfo failed>,,,
epic-api-dump,Drongo,Shrapnel Cannon,R,Ultimate,https://developer-paragon-cdn.epicgames.com/Images/1E65810F8A4CE23646CB4CB55DC5787EE4E637EA.png,Epic_CDN\Drongo\05_R_Shrapnel Cannon.png,failed,URLError: <urlopen error [Errno 11001] getaddrinfo failed>,,,
epic-api-dump,Feng Mao,Sweep,LMB,Basic,https://developer-paragon-cdn.epicgames.com/Images/E6155883B304DF9AB639C2033DB971AA009A2D6F.png,Epic_CDN\Feng Mao\01_LMB_Sweep.png,failed,URLError: <urlopen error [Errno 11001] getaddrinfo failed>,,,
epic-api-dump,Feng Mao,Reaping Dash,RMB,Alternate,https://developer-paragon-cdn.epicgames.com/Images/D868019A56BAD6C4478B39A08B1A08D957F90D99.png,Epic_CDN\Feng Mao\02_RMB_Reaping Dash.png,failed,URLError: <urlopen error [Errno 11001] getaddrinfo failed>,,,
epic-api-dump,Feng Mao,Guardian's Shield,Q,Primary,https://developer-paragon-cdn.epicgames.com/Images/5B18DC5A393AE4B41C28730826F9F872BC4786A3.png,Epic_CDN\Feng Mao\03_Q_Guardian's Shield.png,failed,URLError: <urlopen error [Errno 11001] getaddrinfo failed>,,,
epic-api-dump,Feng Mao,Crippling Strikes,E,Secondary,https://developer-paragon-cdn.epicgames.com/Images/719EBAF02334D9017E214CBBF93A4FE83E7F9222.png,Epic_CDN\Feng Mao\04_E_Crippling Strikes.png,failed,URLError: <urlopen error [Errno 11001] getaddrinfo failed>,,,
epic-api-dump,Feng Mao,Imperial Sentence,R,Ultimate,https://developer-paragon-cdn.epicgames.com/Images/9F2F5A9DFF105085A31E46AEA67389A7E062BA60.png,Epic_CDN\Feng Mao\05_R_Imperial Sentence.png,failed,URLError: <urlopen error [Errno 11001] getaddrinfo failed>,,,
epic-api-dump,Gadget,Plasma Blast,LMB,Basic,https://developer-paragon-cdn.epicgames.com/Images/FC1886E75807C59913DAE3432518E281FBD7FCF9.png,Epic_CDN\Gadget\01_LMB_Plasma Blast.png,failed,URLError: <urlopen error [Errno 11001] getaddrinfo failed>,,,
epic-api-dump,Gadget,Seek & Destroy,RMB,Alternate,https://developer-paragon-cdn.epicgames.com/Images/C0E0DCD49175D20BA30FBFE7578EE9FD4D4BF1DC.png,Epic_CDN\Gadget\02_RMB_Seek & Destroy.png,failed,URLError: <urlopen error [Errno 11001] getaddrinfo failed>,,,
epic-api-dump,Gadget,Sticky Mine,Q,Primary,https://developer-paragon-cdn.epicgames.com/Images/D7F661557D3937B1B5533CDA37F8C0AFD996D8AB.png,Epic_CDN\Gadget\03_Q_Sticky Mine.png,failed,URLError: <urlopen error [Errno 11001] getaddrinfo failed>,,,
epic-api-dump,Gadget,Speed Gate,E,Secondary,https://developer-paragon-cdn.epicgames.com/Images/2366D59BF56046EEED726E377166AC839087936D.png,Epic_CDN\Gadget\04_E_Speed Gate.png,failed,URLError: <urlopen error [Errno 11001] getaddrinfo failed>,,,
epic-api-dump,Gadget,Tesla Dome,R,Ultimate,https://developer-paragon-cdn.epicgames.com/Images/821AA19AF6EFB29A289B48969C4C568B8FCA3D35.png,Epic_CDN\Gadget\05_R_Tesla Dome.png,failed,URLError: <urlopen error [Errno 11001] getaddrinfo failed>,,,
epic-api-dump,Gideon,Portal Blast,LMB,Basic,https://developer-paragon-cdn.epicgames.com/Images/C82A446FD82BC740EF26EE8096041CEE22FD8211.png,Epic_CDN\Gideon\01_LMB_Portal Blast.png,failed,URLError: <urlopen error [Errno 11001] getaddrinfo failed>,,,
epic-api-dump,Gideon,Void Breach,RMB,Alternate,https://developer-paragon-cdn.epicgames.com/Images/791D15880EAEF86CBCAEC69B112BDEAAE5100E23.png,Epic_CDN\Gideon\02_RMB_Void Breach.png,failed,URLError: <urlopen error [Errno 11001] getaddrinfo failed>,,,
epic-api-dump,Gideon,Cosmic Rift,Q,Primary,https://developer-paragon-cdn.epicgames.com/Images/56A3959F3B3885821C7C1902E2B460C37A2CECA8.png,Epic_CDN\Gideon\03_Q_Cosmic Rift.png,failed,URLError: <urlopen error [Errno 11001] getaddrinfo failed>,,,
epic-api-dump,Gideon,Torn Space,E,Secondary,https://developer-paragon-cdn.epicgames.com/Images/9E5EA02909EA61C659D29254DA9E6372ABF3B0E7.png,Epic_CDN\Gideon\04_E_Torn Space.png,failed,URLError: <urlopen error [Errno 11001] getaddrinfo failed>,,,
epic-api-dump,Gideon,Black Hole,R,Ultimate,https://developer-paragon-cdn.epicgames.com/Images/38F59F4799C51DF68127A0C1BCEB58187349E119.png,Epic_CDN\Gideon\05_R_Black Hole.png,failed,URLError: <urlopen error [Errno 11001] getaddrinfo failed>,,,
epic-api-dump,Greystone,Noble Strike,LMB,Basic,https://developer-paragon-cdn.epicgames.com/Images/F20F57759A74A479ADC16459A28C4114BF3A9FCA.png,Epic_CDN\Greystone\01_LMB_Noble Strike.png,failed,URLError: <urlopen error [Errno 11001] getaddrinfo failed>,,,
epic-api-dump,Greystone,Assault the Gates,RMB,Alternate,https://developer-paragon-cdn.epicgames.com/Images/17F71E0AFDA13703EE358F4BE872F261F9647510.png,Epic_CDN\Greystone\02_RMB_Assault the Gates.png,failed,URLError: <urlopen error [Errno 11001] getaddrinfo failed>,,,
epic-api-dump,Greystone,Make Way,Q,Primary,https://developer-paragon-cdn.epicgames.com/Images/AF82D86FD8040CF63DF1917556AD78851EB74699.png,Epic_CDN\Greystone\03_Q_Make Way.png,failed,URLError: <urlopen error [Errno 11001] getaddrinfo failed>,,,
epic-api-dump,Greystone,Deflect,E,Secondary,https://developer-paragon-cdn.epicgames.com/Images/45BE4BC83C85D13EE20976CCD7E59AA3D7B7CDF6.png,Epic_CDN\Greystone\04_E_Deflect.png,failed,URLError: <urlopen error [Errno 11001] getaddrinfo failed>,,,
epic-api-dump,Greystone,Reforged,R,Ultimate,https://developer-paragon-cdn.epicgames.com/Images/12B9B2F6325988A8BA70329D1C8376C1B6B3C180.png,Epic_CDN\Greystone\05_R_Reforged.png,failed,URLError: <urlopen error [Errno 11001] getaddrinfo failed>,,,
epic-api-dump,Grim.EXE,Pulse Cannon,LMB,Basic,https://developer-paragon-cdn.epicgames.com/Images/A0D4743718A7113FB6533084C53AB4C5579FD71E.png,Epic_CDN\Grim.EXE\01_LMB_Pulse Cannon.png,failed,URLError: <urlopen error [Errno 11001] getaddrinfo failed>,,,
epic-api-dump,Grim.EXE,Deflector Shield,RMB,Alternate,https://developer-paragon-cdn.epicgames.com/Images/6622F7580170FCACF2324FA67EF428133D175C05.png,Epic_CDN\Grim.EXE\02_RMB_Deflector Shield.png,failed,URLError: <urlopen error [Errno 11001] getaddrinfo failed>,,,
epic-api-dump,Grim.EXE,Displacement Blast,Q,Primary,https://developer-paragon-cdn.epicgames.com/Images/8F45A9AFA5DD196685F3F8C022D33FA89CDE95B4.png,Epic_CDN\Grim.EXE\03_Q_Displacement Blast.png,failed,URLError: <urlopen error [Errno 11001] getaddrinfo failed>,,,
epic-api-dump,Grim.EXE,Suppression Mode,E,Secondary,https://developer-paragon-cdn.epicgames.com/Images/4A60F8940A30DF7943777BF81A2482EB6C549B59.png,Epic_CDN\Grim.EXE\04_E_Suppression Mode.png,failed,URLError: <urlopen error [Errno 11001] getaddrinfo failed>,,,
epic-api-dump,Grim.EXE,GTFO,R,Ultimate,https://developer-paragon-cdn.epicgames.com/Images/A0E2638BBD09C0F8819780EACA7A59867A74817B.png,Epic_CDN\Grim.EXE\05_R_GTFO.png,failed,URLError: <urlopen error [Errno 11001] getaddrinfo failed>,,,
epic-api-dump,Grux,Chop,LMB,Basic,https://developer-paragon-cdn.epicgames.com/Images/1656C1EC644D334638FF11E702A1DCF80A1FAF87.png,Epic_CDN\Grux\01_LMB_Chop.png,failed,URLError: <urlopen error [Errno 11001] getaddrinfo failed>,,,
epic-api-dump,Grux,Double Pain,RMB,Alternate,https://developer-paragon-cdn.epicgames.com/Images/E9B84D0B2EDCC64104DA69EF982FC4E7CAA501BD.png,Epic_CDN\Grux\02_RMB_Double Pain.png,failed,URLError: <urlopen error [Errno 11001] getaddrinfo failed>,,,
epic-api-dump,Grux,Smash & Grab,Q,Primary,https://developer-paragon-cdn.epicgames.com/Images/53BBEAB972E36A7F337BFE3F967B1AA69AC174D7.png,Epic_CDN\Grux\03_Q_Smash & Grab.png,failed,URLError: <urlopen error [Errno 11001] getaddrinfo failed>,,,
epic-api-dump,Grux,Crush,E,Secondary,https://developer-paragon-cdn.epicgames.com/Images/691D12797EEC9664F8F4B25BFCB7467EB119E50D.png,Epic_CDN\Grux\04_E_Crush.png,failed,URLError: <urlopen error [Errno 11001] getaddrinfo failed>,,,
epic-api-dump,Grux,Warlord's Challenge,R,Ultimate,https://developer-paragon-cdn.epicgames.com/Images/28642CC693F9C6A2C0D1DE440FAD7AD585C5601F.png,Epic_CDN\Grux\05_R_Warlord's Challenge.png,failed,URLError: <urlopen error [Errno 11001] getaddrinfo failed>,,,
epic-api-dump,Howitzer,Cannon,LMB,Basic,https://developer-paragon-cdn.epicgames.com/Images/885928385BF43C8E7662041EE546E7C2F18F9DEA.png,Epic_CDN\Howitzer\01_LMB_Cannon.png,failed,URLError: <urlopen error [Errno 11001] getaddrinfo failed>,,,
epic-api-dump,Howitzer,Slow Grenades,RMB,Alternate,https://developer-paragon-cdn.epicgames.com/Images/537310E6DECC6199D7592CDA59791280D403B3A9.png,Epic_CDN\Howitzer\02_RMB_Slow Grenades.png,failed,URLError: <urlopen error [Errno 11001] getaddrinfo failed>,,,
epic-api-dump,Howitzer,R2000 Missile,Q,Primary,https://developer-paragon-cdn.epicgames.com/Images/FFD3A687569EAB87E528CD22461CC64C56D1FF82.png,Epic_CDN\Howitzer\03_Q_R2000 Missile.png,failed,URLError: <urlopen error [Errno 11001] getaddrinfo failed>,,,
epic-api-dump,Howitzer,Land Mine,E,Secondary,https://developer-paragon-cdn.epicgames.com/Images/11CE40E91B3F04AD336D64D901993D9A92F90A91.png,Epic_CDN\Howitzer\04_E_Land Mine.png,failed,URLError: <urlopen error [Errno 11001] getaddrinfo failed>,,,
epic-api-dump,Howitzer,Make it Rain,R,Ultimate,https://developer-paragon-cdn.epicgames.com/Images/CB91505F636B8AED0599BF3BBF1F37F70E1FA722.png,Epic_CDN\Howitzer\05_R_Make it Rain.png,failed,URLError: <urlopen error [Errno 11001] getaddrinfo failed>,,,
epic-api-dump,Iggy & Scorch,Fire Spit,LMB,Basic,https://developer-paragon-cdn.epicgames.com/Images/E06C18038B1F83D9DDD7EF6828451C859A2F595D.png,Epic_CDN\Iggy & Scorch\01_LMB_Fire Spit.png,failed,URLError: <urlopen error [Errno 11001] getaddrinfo failed>,,,
epic-api-dump,Iggy & Scorch,Molotov,RMB,Alternate,https://developer-paragon-cdn.epicgames.com/Images/1BD0CFDADBFD2A7E002241DCC6320974F46DF5C2.png,Epic_CDN\Iggy & Scorch\02_RMB_Molotov.png,failed,URLError: <urlopen error [Errno 11001] getaddrinfo failed>,,,
epic-api-dump,Iggy & Scorch,Flame Turret,Q,Primary,https://developer-paragon-cdn.epicgames.com/Images/9214021080C6288F30CFE7132F52D251830B5C40.png,Epic_CDN\Iggy & Scorch\03_Q_Flame Turret.png,failed,URLError: <urlopen error [Errno 11001] getaddrinfo failed>,,,
epic-api-dump,Iggy & Scorch,Burning Sensation,E,Secondary,https://developer-paragon-cdn.epicgames.com/Images/4C68677A794C4CC283FE3A5501097E1948B16D95.png,Epic_CDN\Iggy & Scorch\04_E_Burning Sensation.png,failed,URLError: <urlopen error [Errno 11001] getaddrinfo failed>,,,
epic-api-dump,Iggy & Scorch,BLAZE!,R,Ultimate,https://developer-paragon-cdn.epicgames.com/Images/A2ACAA487B903601FF470227EDF3CCD275E9BEDE.png,Epic_CDN\Iggy & Scorch\05_R_BLAZE!.png,failed,URLError: <urlopen error [Errno 11001] getaddrinfo failed>,,,
epic-api-dump,Kallari,Slash,LMB,Basic,https://developer-paragon-cdn.epicgames.com/Images/C4167069BCB6D318545000313AF18284073E9A48.png,Epic_CDN\Kallari\01_LMB_Slash.png,failed,URLError: <urlopen error [Errno 11001] getaddrinfo failed>,,,
epic-api-dump,Kallari,Crippling Dagger,RMB,Alternate,https://developer-paragon-cdn.epicgames.com/Images/1ABCB746B5565B65BD0E8BF369515E8A5746E8A6.png,Epic_CDN\Kallari\02_RMB_Crippling Dagger.png,failed,URLError: <urlopen error [Errno 11001] getaddrinfo failed>,,,
epic-api-dump,Kallari,Shadow Walk,Q,Primary,https://developer-paragon-cdn.epicgames.com/Images/7617826E6ADB7BB032AE28C90452DED0DC5B4F03.png,Epic_CDN\Kallari\03_Q_Shadow Walk.png,failed,URLError: <urlopen error [Errno 11001] getaddrinfo failed>,,,
epic-api-dump,Kallari,Shadow Dance,E,Secondary,https://developer-paragon-cdn.epicgames.com/Images/58A97C513A943B7AEAF7F4D7206721F83BBF2BFB.png,Epic_CDN\Kallari\04_E_Shadow Dance.png,failed,URLError: <urlopen error [Errno 11001] getaddrinfo failed>,,,
epic-api-dump,Kallari,Death Sentence,R,Ultimate,https://developer-paragon-cdn.epicgames.com/Images/839386D6A7128C5BDD5894B6795DA05AD876EC04.png,Epic_CDN\Kallari\05_R_Death Sentence.png,failed,URLError: <urlopen error [Errno 11001] getaddrinfo failed>,,,
epic-api-dump,Khaimera,Hack,LMB,Basic,https://developer-paragon-cdn.epicgames.com/Images/EE02D3D5D5EA39EC3485986B739A286BDB4455F7.png,Epic_CDN\Khaimera\01_LMB_Hack.png,failed,URLError: <urlopen error [Errno 11001] getaddrinfo failed>,,,
epic-api-dump,Khaimera,Ambush,RMB,Alternate,https://developer-paragon-cdn.epicgames.com/Images/45E27B38389E2440D75C9B2C9922E3E834C0C9DB.png,Epic_CDN\Khaimera\02_RMB_Ambush.png,failed,URLError: <urlopen error [Errno 11001] getaddrinfo failed>,,,
epic-api-dump,Khaimera,Unleash,Q,Primary,https://developer-paragon-cdn.epicgames.com/Images/02E385DC2553D97355A654C9875D0A42A419921D.png,Epic_CDN\Khaimera\03_Q_Unleash.png,failed,URLError: <urlopen error [Errno 11001] getaddrinfo failed>,,,
epic-api-dump,Khaimera,Spirit Regeneration,E,Secondary,https://developer-paragon-cdn.epicgames.com/Images/A0E9EFC545E304608C1BA0990034596D4896235B.png,Epic_CDN\Khaimera\04_E_Spirit Regeneration.png,failed,URLError: <urlopen error [Errno 11001] getaddrinfo failed>,,,
epic-api-dump,Khaimera,Cull,R,Ultimate,https://developer-paragon-cdn.epicgames.com/Images/7430D345BFC6F3125665AC9087452F7D60BE02CB.png,Epic_CDN\Khaimera\05_R_Cull.png,failed,URLError: <urlopen error [Errno 11001] getaddrinfo failed>,,,
epic-api-dump,Kwang,Slice,LMB,Basic,https://developer-paragon-cdn.epicgames.com/Images/5C9826F22A667A0F3863A28F857BD1F5B816F76B.png,Epic_CDN\Kwang\01_LMB_Slice.png,failed,URLError: <urlopen error [Errno 11001] getaddrinfo failed>,,,
epic-api-dump,Kwang,Light of the Heavens,RMB,Alternate,https://developer-paragon-cdn.epicgames.com/Images/D1712C54EBBC97C3C631F8AE8BF74BD14193C260.png,Epic_CDN\Kwang\02_RMB_Light of the Heavens.png,failed,URLError: <urlopen error [Errno 11001] getaddrinfo failed>,,,
epic-api-dump,Kwang,Judgement of the Heavens,Q,Primary,https://developer-paragon-cdn.epicgames.com/Images/54B1BDA0BDB1FCDB61C2EDE7F2EA98051FF6BC64.png,Epic_CDN\Kwang\03_Q_Judgement of the Heavens.png,failed,URLError: <urlopen error [Errno 11001] getaddrinfo failed>,,,
epic-api-dump,Kwang,Gift of the Heavens,E,Secondary,https://developer-paragon-cdn.epicgames.com/Images/4E5ABC8FF4E9C5758EDA38E8F701FB8B2D811CF2.png,Epic_CDN\Kwang\04_E_Gift of the Heavens.png,failed,URLError: <urlopen error [Errno 11001] getaddrinfo failed>,,,
epic-api-dump,Kwang,Fury of the Heavens,R,Ultimate,https://developer-paragon-cdn.epicgames.com/Images/73CE082E6518D31012F3F018524E65B820A28A46.png,Epic_CDN\Kwang\05_R_Fury of the Heavens.png,failed,URLError: <urlopen error [Errno 11001] getaddrinfo failed>,,,
epic-api-dump,Lt. Belica,Burst Fire,LMB,Basic,https://developer-paragon-cdn.epicgames.com/Images/E11D1C1F33F83CA163C9AAA73F2F8B35C8EA8179.png,Epic_CDN\Lt. Belica\01_LMB_Burst Fire.png,failed,URLError: <urlopen error [Errno 11001] getaddrinfo failed>,,,
epic-api-dump,Lt. Belica,Void Bomb,RMB,Alternate,https://developer-paragon-cdn.epicgames.com/Images/32118E66A3CB2FA0AB868E606972CFEE90EC905A.png,Epic_CDN\Lt. Belica\02_RMB_Void Bomb.png,failed,URLError: <urlopen error [Errno 11001] getaddrinfo failed>,,,
epic-api-dump,Lt. Belica,Seismic Assault,Q,Primary,https://developer-paragon-cdn.epicgames.com/Images/606D3F2ACD89DED1856218DDD5B9B5953478677C.png,Epic_CDN\Lt. Belica\03_Q_Seismic Assault.png,failed,URLError: <urlopen error [Errno 11001] getaddrinfo failed>,,,
epic-api-dump,Lt. Belica,Void Drone,E,Secondary,https://developer-paragon-cdn.epicgames.com/Images/4D1063A8B70219464C56379EC0228D69475A8C94.png,Epic_CDN\Lt. Belica\04_E_Void Drone.png,failed,URLError: <urlopen error [Errno 11001] getaddrinfo failed>,,,
epic-api-dump,Lt. Belica,Neural Disruptor,R,Ultimate,https://developer-paragon-cdn.epicgames.com/Images/C181F2B85F7786A0E9C6600C6CE7873C9169B36D.png,Epic_CDN\Lt. Belica\05_R_Neural Disruptor.png,failed,URLError: <urlopen error [Errno 11001] getaddrinfo failed>,,,
epic-api-dump,Morigesh,Dagger,LMB,Basic,https://developer-paragon-cdn.epicgames.com/Images/FAA5B5FCCAAB901E6CA19B9BE733CAAD3EE5FAC0.png,Epic_CDN\Morigesh\01_LMB_Dagger.png,failed,URLError: <urlopen error [Errno 11001] getaddrinfo failed>,,,
epic-api-dump,Morigesh,Mark,RMB,Alternate,https://developer-paragon-cdn.epicgames.com/Images/39AAFCDA3497781CCB16F9F4705BA5ABE17B3F4B.png,Epic_CDN\Morigesh\02_RMB_Mark.png,failed,URLError: <urlopen error [Errno 11001] getaddrinfo failed>,,,
epic-api-dump,Morigesh,Hive,Q,Primary,https://developer-paragon-cdn.epicgames.com/Images/856526CBDD1508083FBFCD03E5E136E64CA80881.png,Epic_CDN\Morigesh\03_Q_Hive.png,failed,URLError: <urlopen error [Errno 11001] getaddrinfo failed>,,,
epic-api-dump,Morigesh,Swarm,E,Secondary,https://developer-paragon-cdn.epicgames.com/Images/268476EA279341D7C4B881A309AF8161D747B69A.png,Epic_CDN\Morigesh\04_E_Swarm.png,failed,URLError: <urlopen error [Errno 11001] getaddrinfo failed>,,,
epic-api-dump,Morigesh,Curse,R,Ultimate,https://developer-paragon-cdn.epicgames.com/Images/73617DBA6B568953C817205C24C54D28702C3BB5.png,Epic_CDN\Morigesh\05_R_Curse.png,failed,URLError: <urlopen error [Errno 11001] getaddrinfo failed>,,,
epic-api-dump,Murdock,Plasma Bolt,LMB,Basic,https://developer-paragon-cdn.epicgames.com/Images/3EB52E060F1148B9B62442BA5C88286B744ED30E.png,Epic_CDN\Murdock\01_LMB_Plasma Bolt.png,failed,URLError: <urlopen error [Errno 11001] getaddrinfo failed>,,,
epic-api-dump,Murdock,Buckshot,RMB,Alternate,https://developer-paragon-cdn.epicgames.com/Images/C25C664DE228ED694FCBC24839D592630C96A4EA.png,Epic_CDN\Murdock\02_RMB_Buckshot.png,failed,URLError: <urlopen error [Errno 11001] getaddrinfo failed>,,,
epic-api-dump,Murdock,Hot Pursuit,Q,Primary,https://developer-paragon-cdn.epicgames.com/Images/0F14EB15098D9BCE40B6F7602DA153A2A6D9FDDA.png,Epic_CDN\Murdock\03_Q_Hot Pursuit.png,failed,URLError: <urlopen error [Errno 11001] getaddrinfo failed>,,,
epic-api-dump,Murdock,Shots Fired,E,Secondary,https://developer-paragon-cdn.epicgames.com/Images/1EEE14E2B0563396ED144ECCB12B42100116B472.png,Epic_CDN\Murdock\04_E_Shots Fired.png,failed,URLError: <urlopen error [Errno 11001] getaddrinfo failed>,,,
epic-api-dump,Murdock,Long Arm of the Law,R,Ultimate,https://developer-paragon-cdn.epicgames.com/Images/DA1D2F2EA3A53078B1B9AB4F6D5F6BC4B5FF29A9.png,Epic_CDN\Murdock\05_R_Long Arm of the Law.png,failed,URLError: <urlopen error [Errno 11001] getaddrinfo failed>,,,
epic-api-dump,Muriel,Orb,LMB,Basic,https://developer-paragon-cdn.epicgames.com/Images/D40AAB95EB7F593AE49ECFF9D9C225237D2D0AD2.png,Epic_CDN\Muriel\01_LMB_Orb.png,failed,URLError: <urlopen error [Errno 11001] getaddrinfo failed>,,,
epic-api-dump,Muriel,Alacrity,RMB,Alternate,https://developer-paragon-cdn.epicgames.com/Images/C0A7ABBF8EB3DCAFFD64E2A6FD0F5090AF19CAFD.png,Epic_CDN\Muriel\02_RMB_Alacrity.png,failed,URLError: <urlopen error [Errno 11001] getaddrinfo failed>,,,
epic-api-dump,Muriel,Serenity,Q,Primary,https://developer-paragon-cdn.epicgames.com/Images/0A0A1A57C9D545CF16242E3F62EE1ED71A2BC21B.png,Epic_CDN\Muriel\03_Q_Serenity.png,failed,URLError: <urlopen error [Errno 11001] getaddrinfo failed>,,,
epic-api-dump,Muriel,Consecrated Ground,E,Secondary,https://developer-paragon-cdn.epicgames.com/Images/F4E2351D229C0673C20C020457AD742DD59FD06A.png,Epic_CDN\Muriel\04_E_Consecrated Ground.png,failed,URLError: <urlopen error [Errno 11001] getaddrinfo failed>,,,
epic-api-dump,Muriel,Reversal of Fortune,R,Ultimate,https://developer-paragon-cdn.epicgames.com/Images/BE69A2DF3BCF56F476CC47A231F831E035479E72.png,Epic_CDN\Muriel\05_R_Reversal of Fortune.png,failed,URLError: <urlopen error [Errno 11001] getaddrinfo failed>,,,
epic-api-dump,Narbash,Wallop,LMB,Basic,https://developer-paragon-cdn.epicgames.com/Images/37FB5B8FFE3CB2A21D83CAC103A64921F461714F.png,Epic_CDN\Narbash\01_LMB_Wallop.png,failed,URLError: <urlopen error [Errno 11001] getaddrinfo failed>,,,
epic-api-dump,Narbash,Thunk,RMB,Alternate,https://developer-paragon-cdn.epicgames.com/Images/2362D3463E599D9694CF95473BEB7BD6AA141C14.png,Epic_CDN\Narbash\02_RMB_Thunk.png,failed,URLError: <urlopen error [Errno 11001] getaddrinfo failed>,,,
epic-api-dump,Narbash,March!,Q,Primary,https://developer-paragon-cdn.epicgames.com/Images/E1A0099376923C2A2CFCA5CB2AEADE1483569261.png,Epic_CDN\Narbash\03_Q_March!.png,failed,URLError: <urlopen error [Errno 11001] getaddrinfo failed>,,,
epic-api-dump,Narbash,Song of My People,E,Secondary,https://developer-paragon-cdn.epicgames.com/Images/EAB8E5B0CAE777C7CD30309988585C508EBDA15E.png,Epic_CDN\Narbash\04_E_Song of My People.png,failed,URLError: <urlopen error [Errno 11001] getaddrinfo failed>,,,
epic-api-dump,Narbash,Crash Bang Boom!,R,Ultimate,https://developer-paragon-cdn.epicgames.com/Images/1A7C519F8A83AF7100C4FF05D7EEB755CB91DF47.png,Epic_CDN\Narbash\05_R_Crash Bang Boom!.png,failed,URLError: <urlopen error [Errno 11001] getaddrinfo failed>,,,
epic-api-dump,Phase,Pulse Bolt,LMB,Basic,https://developer-paragon-cdn.epicgames.com/Images/B69935CFB85005A166071D65CD14F70B61BE0640.png,Epic_CDN\Phase\01_LMB_Pulse Bolt.png,failed,URLError: <urlopen error [Errno 11001] getaddrinfo failed>,,,
epic-api-dump,Phase,Telekinetic Link,RMB,Alternate,https://developer-paragon-cdn.epicgames.com/Images/91C416628CDC05D42F21DA2173C03F5206570F11.png,Epic_CDN\Phase\02_RMB_Telekinetic Link.png,failed,URLError: <urlopen error [Errno 11001] getaddrinfo failed>,,,
epic-api-dump,Phase,Psychic Flare,Q,Primary,https://developer-paragon-cdn.epicgames.com/Images/F7028E3B05B4CF5EC0B29BB569BA65B3725544B5.png,Epic_CDN\Phase\03_Q_Psychic Flare.png,failed,URLError: <urlopen error [Errno 11001] getaddrinfo failed>,,,
epic-api-dump,Phase,Energy Lance,E,Secondary,https://developer-paragon-cdn.epicgames.com/Images/E75C25255187F862B2D6CD9D3EEC1EDAEBD04BB1.png,Epic_CDN\Phase\04_E_Energy Lance.png,failed,URLError: <urlopen error [Errno 11001] getaddrinfo failed>,,,
epic-api-dump,Phase,Hyperflux,R,Ultimate,https://developer-paragon-cdn.epicgames.com/Images/1E07902F3EBD038D2491B7505A6980AABE782A3B.png,Epic_CDN\Phase\05_R_Hyperflux.png,failed,URLError: <urlopen error [Errno 11001] getaddrinfo failed>,,,
epic-api-dump,Rampage,Swipe,LMB,Basic,https://developer-paragon-cdn.epicgames.com/Images/7B161CCEE0DA94F90486AF61ACE79B489A2FFDD1.png,Epic_CDN\Rampage\01_LMB_Swipe.png,failed,URLError: <urlopen error [Errno 11001] getaddrinfo failed>,,,
epic-api-dump,Rampage,Rumble,RMB,Alternate,https://developer-paragon-cdn.epicgames.com/Images/9B12A842F70399198038E29482646C68B2B61CEA.png,Epic_CDN\Rampage\02_RMB_Rumble.png,failed,URLError: <urlopen error [Errno 11001] getaddrinfo failed>,,,
epic-api-dump,Rampage,Boulder Throw,Q,Primary,https://developer-paragon-cdn.epicgames.com/Images/CAC7A303DBB7E0CED1481DBD51BBF634348F44B4.png,Epic_CDN\Rampage\03_Q_Boulder Throw.png,failed,URLError: <urlopen error [Errno 11001] getaddrinfo failed>,,,
epic-api-dump,Rampage,King of the Jungle,E,Secondary,https://developer-paragon-cdn.epicgames.com/Images/B291435E80B80A487AA72AC415110C916ABFA171.png,Epic_CDN\Rampage\04_E_King of the Jungle.png,failed,URLError: <urlopen error [Errno 11001] getaddrinfo failed>,,,
epic-api-dump,Rampage,Enraged,R,Ultimate,https://developer-paragon-cdn.epicgames.com/Images/DA20844CA43D8F530959EA0345073529B349CD0A.png,Epic_CDN\Rampage\05_R_Enraged.png,failed,URLError: <urlopen error [Errno 11001] getaddrinfo failed>,,,
epic-api-dump,Revenant,Hand Cannon,LMB,Basic,https://developer-paragon-cdn.epicgames.com/Images/90A0F3F8CF5B85013D6E76EB583035B429DCB7CD.png,Epic_CDN\Revenant\01_LMB_Hand Cannon.png,failed,URLError: <urlopen error [Errno 11001] getaddrinfo failed>,,,
epic-api-dump,Revenant,Hellfire Rounds,RMB,Alternate,https://developer-paragon-cdn.epicgames.com/Images/7E3C5C1E04B3B5B0BE09E8ADDCDD39F0CD9FB4B3.png,Epic_CDN\Revenant\02_RMB_Hellfire Rounds.png,failed,URLError: <urlopen error [Errno 11001] getaddrinfo failed>,,,
epic-api-dump,Revenant,Obliterate,Q,Primary,https://developer-paragon-cdn.epicgames.com/Images/DA1E34B49A86D4CA58F039DE879F7831A1A17B92.png,Epic_CDN\Revenant\03_Q_Obliterate.png,failed,URLError: <urlopen error [Errno 11001] getaddrinfo failed>,,,
epic-api-dump,Revenant,Scar,E,Secondary,https://developer-paragon-cdn.epicgames.com/Images/6C10D2B6ED573C5B0BB37A1D81A44BD7FD1237BB.png,Epic_CDN\Revenant\04_E_Scar.png,failed,URLError: <urlopen error [Errno 11001] getaddrinfo failed>,,,
epic-api-dump,Revenant,Reckoning,R,Ultimate,https://developer-paragon-cdn.epicgames.com/Images/E06A5C5D285AE0DE6EEFD6BB84D1C5AD1BCA7FF5.png,Epic_CDN\Revenant\05_R_Reckoning.png,failed,URLError: <urlopen error [Errno 11001] getaddrinfo failed>,,,
epic-api-dump,Riktor,Whip,LMB,Basic,https://developer-paragon-cdn.epicgames.com/Images/B82EFF7AFCE7DB6F13661216FCBB27062E834684.png,Epic_CDN\Riktor\01_LMB_Whip.png,failed,URLError: <urlopen error [Errno 11001] getaddrinfo failed>,,,
epic-api-dump,Riktor,Riplash,RMB,Alternate,https://developer-paragon-cdn.epicgames.com/Images/3D8F76E31F37843986967EB8306AE64441122632.png,Epic_CDN\Riktor\02_RMB_Riplash.png,failed,URLError: <urlopen error [Errno 11001] getaddrinfo failed>,,,
epic-api-dump,Riktor,Shock Therapy,Q,Primary,https://developer-paragon-cdn.epicgames.com/Images/F3EBC200EB842A9B9AFDF0FE59A32D25896E747E.png,Epic_CDN\Riktor\03_Q_Shock Therapy.png,failed,URLError: <urlopen error [Errno 11001] getaddrinfo failed>,,,
epic-api-dump,Riktor,Electrocute,E,Secondary,https://developer-paragon-cdn.epicgames.com/Images/E0884BBB29FB7E6ADAA795167812779F13C276FB.png,Epic_CDN\Riktor\04_E_Electrocute.png,failed,URLError: <urlopen error [Errno 11001] getaddrinfo failed>,,,
epic-api-dump,Riktor,Skewer,R,Ultimate,https://developer-paragon-cdn.epicgames.com/Images/39B00563ABE12046E89350DECC8F7D7AE2699979.png,Epic_CDN\Riktor\05_R_Skewer.png,failed,URLError: <urlopen error [Errno 11001] getaddrinfo failed>,,,
epic-api-dump,Serath,Angelic Smite,LMB,Basic,https://developer-paragon-cdn.epicgames.com/Images/33A3050EDBDD38D0CD5968AB74AE5FCDF433C1C7.png,Epic_CDN\Serath\01_LMB_Angelic Smite.png,failed,URLError: <urlopen error [Errno 11001] getaddrinfo failed>,,,
epic-api-dump,Serath,Chastise,RMB,Alternate,https://developer-paragon-cdn.epicgames.com/Images/6638519F5B4EAE3DB101AAD4FC8878D346A9D361.png,Epic_CDN\Serath\02_RMB_Chastise.png,failed,URLError: <urlopen error [Errno 11001] getaddrinfo failed>,,,
epic-api-dump,Serath,Heaven's Fury,Q,Primary,https://developer-paragon-cdn.epicgames.com/Images/2B97C8481E79648F3F95EEC6AC67D722FF5BD5E5.png,Epic_CDN\Serath\03_Q_Heaven's Fury.png,failed,URLError: <urlopen error [Errno 11001] getaddrinfo failed>,,,
epic-api-dump,Serath,Ascend,E,Secondary,https://developer-paragon-cdn.epicgames.com/Images/C22F6E77F5245F64A0A0FFA4BCC062A22A34F754.png,Epic_CDN\Serath\04_E_Ascend.png,failed,URLError: <urlopen error [Errno 11001] getaddrinfo failed>,,,
epic-api-dump,Serath,Heresy,R,Ultimate,https://developer-paragon-cdn.epicgames.com/Images/805BD71EF4E300AF9AC1BE7904AD1F13266DA5D6.png,Epic_CDN\Serath\05_R_Heresy.png,failed,URLError: <urlopen error [Errno 11001] getaddrinfo failed>,,,
epic-api-dump,Sevarog,Hammer,LMB,Basic,https://developer-paragon-cdn.epicgames.com/Images/8791D90B8C6FA87240B83F6AE8F3E52332944D2A.png,Epic_CDN\Sevarog\01_LMB_Hammer.png,failed,URLError: <urlopen error [Errno 11001] getaddrinfo failed>,,,
epic-api-dump,Sevarog,Phantom Rush,RMB,Alternate,https://developer-paragon-cdn.epicgames.com/Images/39A0C9D463BDE819181AAE465EDB2ABB4274DC01.png,Epic_CDN\Sevarog\02_RMB_Phantom Rush.png,failed,URLError: <urlopen error [Errno 11001] getaddrinfo failed>,,,
epic-api-dump,Sevarog,Siphon,Q,Primary,https://developer-paragon-cdn.epicgames.com/Images/FC854DC866F8984201B41A669FEDB7979599A360.png,Epic_CDN\Sevarog\03_Q_Siphon.png,failed,URLError: <urlopen error [Errno 11001] getaddrinfo failed>,,,
epic-api-dump,Sevarog,Subjugate,E,Secondary,https://developer-paragon-cdn.epicgames.com/Images/920EB42CD86E1ED16D73C23360FB64A20D4C9632.png,Epic_CDN\Sevarog\04_E_Subjugate.png,failed,URLError: <urlopen error [Errno 11001] getaddrinfo failed>,,,
epic-api-dump,Sevarog,Colossal Blow,R,Ultimate,https://developer-paragon-cdn.epicgames.com/Images/A99486FDE48A8A2B08A7679D4FE9D74EF382953E.png,Epic_CDN\Sevarog\05_R_Colossal Blow.png,failed,URLError: <urlopen error [Errno 11001] getaddrinfo failed>,,,
epic-api-dump,Shinbi,Cutting Edge,LMB,Basic,https://developer-paragon-cdn.epicgames.com/Images/7289D5D27ECF66DA2B783E6C456EAA2905EC49FF.png,Epic_CDN\Shinbi\01_LMB_Cutting Edge.png,failed,URLError: <urlopen error [Errno 11001] getaddrinfo failed>,,,
epic-api-dump,Shinbi,Rushing Beat,RMB,Alternate,https://developer-paragon-cdn.epicgames.com/Images/358379446D0C7A5C08A4EB8B53CFC4A2E2CA5135.png,Epic_CDN\Shinbi\02_RMB_Rushing Beat.png,failed,URLError: <urlopen error [Errno 11001] getaddrinfo failed>,,,
epic-api-dump,Shinbi,Line Tempo,Q,Primary,https://developer-paragon-cdn.epicgames.com/Images/1A792E946B5027808B709204FB4C61DF494F7BA2.png,Epic_CDN\Shinbi\03_Q_Line Tempo.png,failed,URLError: <urlopen error [Errno 11001] getaddrinfo failed>,,,
epic-api-dump,Shinbi,Circle Rhythm,E,Secondary,https://developer-paragon-cdn.epicgames.com/Images/13E7CD561240C417DF88BDB13F0CEA66D5D6BAA9.png,Epic_CDN\Shinbi\04_E_Circle Rhythm.png,failed,URLError: <urlopen error [Errno 11001] getaddrinfo failed>,,,
epic-api-dump,Shinbi,All-Kill!,R,Ultimate,https://developer-paragon-cdn.epicgames.com/Images/05C009EF690C76BC542DA35566C2F7057728C4C6.png,Epic_CDN\Shinbi\05_R_All-Kill!.png,failed,URLError: <urlopen error [Errno 11001] getaddrinfo failed>,,,
epic-api-dump,Sparrow,Bow Shot,LMB,Basic,https://developer-paragon-cdn.epicgames.com/Images/16E9803DF9BE1626107E448E974A96926C87CFB4.png,Epic_CDN\Sparrow\01_LMB_Bow Shot.png,failed,URLError: <urlopen error [Errno 11001] getaddrinfo failed>,,,
epic-api-dump,Sparrow,Piercing Shot,RMB,Alternate,https://developer-paragon-cdn.epicgames.com/Images/300AE4119E6A99D63AC358C29FEDBA7C5758BC76.png,Epic_CDN\Sparrow\02_RMB_Piercing Shot.png,failed,URLError: <urlopen error [Errno 11001] getaddrinfo failed>,,,
epic-api-dump,Sparrow,Hail of Arrows,Q,Primary,https://developer-paragon-cdn.epicgames.com/Images/1EDDAAACE95A8A1AFBF9945189D512435606E1CD.png,Epic_CDN\Sparrow\03_Q_Hail of Arrows.png,failed,URLError: <urlopen error [Errno 11001] getaddrinfo failed>,,,
epic-api-dump,Sparrow,Relentless,E,Secondary,https://developer-paragon-cdn.epicgames.com/Images/8B37E0437E7CA75C08F944F3F70C29167F5C7C63.png,Epic_CDN\Sparrow\04_E_Relentless.png,failed,URLError: <urlopen error [Errno 11001] getaddrinfo failed>,,,
epic-api-dump,Sparrow,Inner Fire,R,Ultimate,https://developer-paragon-cdn.epicgames.com/Images/80B7787B044EC8B7884564E2527CE2ABD0FF685D.png,Epic_CDN\Sparrow\05_R_Inner Fire.png,failed,URLError: <urlopen error [Errno 11001] getaddrinfo failed>,,,
epic-api-dump,Steel,Punch,LMB,Basic,https://developer-paragon-cdn.epicgames.com/Images/1EB2AE698B2A0F2C853EC1F4896CAF29AF7599FB.png,Epic_CDN\Steel\01_LMB_Punch.png,failed,URLError: <urlopen error [Errno 11001] getaddrinfo failed>,,,
epic-api-dump,Steel,Bulwark,RMB,Alternate,https://developer-paragon-cdn.epicgames.com/Images/F906072D860E49F7D11D297A4B7912E2643AC50D.png,Epic_CDN\Steel\02_RMB_Bulwark.png,failed,URLError: <urlopen error [Errno 11001] getaddrinfo failed>,,,
epic-api-dump,Steel,Shield Bash,Q,Primary,https://developer-paragon-cdn.epicgames.com/Images/9094759CBF58E033B7DBC630AF1FFFBF0E10F901.png,Epic_CDN\Steel\03_Q_Shield Bash.png,failed,URLError: <urlopen error [Errno 11001] getaddrinfo failed>,,,
epic-api-dump,Steel,Ablative Armor,E,Secondary,https://developer-paragon-cdn.epicgames.com/Images/1D495A8D9F5D08666C6AF4C72DD500BCEAEEEE1A.png,Epic_CDN\Steel\04_E_Ablative Armor.png,failed,URLError: <urlopen error [Errno 11001] getaddrinfo failed>,,,
epic-api-dump,Steel,Shield Slam,R,Ultimate,https://developer-paragon-cdn.epicgames.com/Images/2355F2F17AFC84ADF556F479D747C719E76269AC.png,Epic_CDN\Steel\05_R_Shield Slam.png,failed,URLError: <urlopen error [Errno 11001] getaddrinfo failed>,,,
epic-api-dump,Terra,Carve,LMB,Basic,https://developer-paragon-cdn.epicgames.com/Images/69CC62B7E3E00AD0081B78BBE021D0C80B4C6CCE.png,Epic_CDN\Terra\01_LMB_Carve.png,failed,URLError: <urlopen error [Errno 11001] getaddrinfo failed>,,,
epic-api-dump,Terra,Counter Guard,RMB,Alternate,https://developer-paragon-cdn.epicgames.com/Images/853ECA6A502425DED60363971BCE181C5A8CC9D9.png,Epic_CDN\Terra\02_RMB_Counter Guard.png,failed,URLError: <urlopen error [Errno 11001] getaddrinfo failed>,,,
epic-api-dump,Terra,Ruthless Assault,Q,Primary,https://developer-paragon-cdn.epicgames.com/Images/1CAB13A70EEA68D726458CB7CEA7E7EAA3A39B99.png,Epic_CDN\Terra\03_Q_Ruthless Assault.png,failed,URLError: <urlopen error [Errno 11001] getaddrinfo failed>,,,
epic-api-dump,Terra,Deafening Command,E,Secondary,https://developer-paragon-cdn.epicgames.com/Images/65933807859C61DD79C5817EB353726DD5240946.png,Epic_CDN\Terra\04_E_Deafening Command.png,failed,URLError: <urlopen error [Errno 11001] getaddrinfo failed>,,,
epic-api-dump,Terra,Unstoppable Force,R,Ultimate,https://developer-paragon-cdn.epicgames.com/Images/FC67EF13EB98D6225E45252F7486EF39267170CC.png,Epic_CDN\Terra\05_R_Unstoppable Force.png,failed,URLError: <urlopen error [Errno 11001] getaddrinfo failed>,,,
epic-api-dump,The Fey,Floret,LMB,Basic,https://developer-paragon-cdn.epicgames.com/Images/749BB1493172793C954AA9FB45BCE261EC91C054.png,Epic_CDN\The Fey\01_LMB_Floret.png,failed,URLError: <urlopen error [Errno 11001] getaddrinfo failed>,,,
epic-api-dump,The Fey,Untamed Growth,RMB,Alternate,https://developer-paragon-cdn.epicgames.com/Images/80A4358D7F838061722D2951F93D78B63C92C972.png,Epic_CDN\The Fey\02_RMB_Untamed Growth.png,failed,URLError: <urlopen error [Errno 11001] getaddrinfo failed>,,,
epic-api-dump,The Fey,Bramble Patch,Q,Primary,https://developer-paragon-cdn.epicgames.com/Images/C4A912C2C9CE5F18487ACE95F055A14F0A06E2BF.png,Epic_CDN\The Fey\03_Q_Bramble Patch.png,failed,URLError: <urlopen error [Errno 11001] getaddrinfo failed>,,,
epic-api-dump,The Fey,Harvest Nettles,E,Secondary,https://developer-paragon-cdn.epicgames.com/Images/98ABDDAA1093EC3286828F0170D5ED1EF11A22AF.png,Epic_CDN\The Fey\04_E_Harvest Nettles.png,failed,URLError: <urlopen error [Errno 11001] getaddrinfo failed>,,,
epic-api-dump,The Fey,Fly Trap,R,Ultimate,https://developer-paragon-cdn.epicgames.com/Images/604F94219881166AF7537F3E2B216F41DBCAC6AF.png,Epic_CDN\The Fey\05_R_Fly Trap.png,failed,URLError: <urlopen error [Errno 11001] getaddrinfo failed>,,,
epic-api-dump,TwinBlast,Doubleshot,LMB,Basic,https://developer-paragon-cdn.epicgames.com/Images/AD50D924066894DA0BEE915C55AED7984A587EBB.png,Epic_CDN\TwinBlast\01_LMB_Doubleshot.png,failed,URLError: <urlopen error [Errno 11001] getaddrinfo failed>,,,
epic-api-dump,TwinBlast,Grenade!,RMB,Alternate,https://developer-paragon-cdn.epicgames.com/Images/ED08B881A33F818EA4F6D3EA91868B83A7F433EF.png,Epic_CDN\TwinBlast\02_RMB_Grenade!.png,failed,URLError: <urlopen error [Errno 11001] getaddrinfo failed>,,,
epic-api-dump,TwinBlast,Hot Shot,Q,Primary,https://developer-paragon-cdn.epicgames.com/Images/CCBF9BFB0684BB02D905661B6F2D835DC4396C77.png,Epic_CDN\TwinBlast\03_Q_Hot Shot.png,failed,URLError: <urlopen error [Errno 11001] getaddrinfo failed>,,,
epic-api-dump,TwinBlast,Rocket Dash,E,Secondary,https://developer-paragon-cdn.epicgames.com/Images/D45EAF6D0D12B7403F3FD21BB200A5540F176582.png,Epic_CDN\TwinBlast\04_E_Rocket Dash.png,failed,URLError: <urlopen error [Errno 11001] getaddrinfo failed>,,,
epic-api-dump,TwinBlast,Ventilate,R,Ultimate,https://developer-paragon-cdn.epicgames.com/Images/C3205975D13F7C986921C80D1DF718C31FEDBD7F.png,Epic_CDN\TwinBlast\05_R_Ventilate.png,failed,URLError: <urlopen error [Errno 11001] getaddrinfo failed>,,,
epic-api-dump,Wraith,Bang!,LMB,Basic,https://developer-paragon-cdn.epicgames.com/Images/24C40C259BDD1F4FF1353E8B7F1F50719B6414EA.png,Epic_CDN\Wraith\01_LMB_Bang!.png,failed,URLError: <urlopen error [Errno 11001] getaddrinfo failed>,,,
epic-api-dump,Wraith,"Knock, Knock!",RMB,Alternate,https://developer-paragon-cdn.epicgames.com/Images/CEF28E8AFB7EF7EA93966F90D476E74B11C6B488.png,"Epic_CDN\Wraith\02_RMB_Knock, Knock!.png",failed,URLError: <urlopen error [Errno 11001] getaddrinfo failed>,,,
epic-api-dump,Wraith,Who's there?,Q,Primary,https://developer-paragon-cdn.epicgames.com/Images/1070FB9EF228C0A28761F936145CE817F3D6F1A4.png,Epic_CDN\Wraith\03_Q_Who's there_.png,failed,URLError: <urlopen error [Errno 11001] getaddrinfo failed>,,,
epic-api-dump,Wraith,Back It Up!,E,Secondary,https://developer-paragon-cdn.epicgames.com/Images/A8CE34B082E58000D2CBE1B62E8782B5E59383EB.png,Epic_CDN\Wraith\04_E_Back It Up!.png,failed,URLError: <urlopen error [Errno 11001] getaddrinfo failed>,,,
epic-api-dump,Wraith,"Surprise, Surprise!",R,Ultimate,https://developer-paragon-cdn.epicgames.com/Images/C647E75715E1DEC7D5468D53B5365A7CE038358B.png,"Epic_CDN\Wraith\05_R_Surprise, Surprise!.png",failed,URLError: <urlopen error [Errno 11001] getaddrinfo failed>,,,
epic-api-dump,Wukong,Ruyi Jingu Bang,LMB,Basic,https://developer-paragon-cdn.epicgames.com/Images/E99E3C41B6A2E782A97161FD79311EBE1399F420.png,Epic_CDN\Wukong\01_LMB_Ruyi Jingu Bang.png,failed,URLError: <urlopen error [Errno 11001] getaddrinfo failed>,,,
epic-api-dump,Wukong,Staff of Legend,RMB,UNKNOWN,https://developer-paragon-cdn.epicgames.com/Images/2E49C5B81EE64197F28058A9508F1F76DD999E16.png,Epic_CDN\Wukong\02_RMB_Staff of Legend.png,failed,URLError: <urlopen error [Errno 11001] getaddrinfo failed>,,,
epic-api-dump,Wukong,Cloudwalker,Q,Primary,https://developer-paragon-cdn.epicgames.com/Images/C9FE84E7CFC63596799C5239698D06EB659D0F30.png,Epic_CDN\Wukong\03_Q_Cloudwalker.png,failed,URLError: <urlopen error [Errno 11001] getaddrinfo failed>,,,
epic-api-dump,Wukong,Control Aggression,E,Secondary,https://developer-paragon-cdn.epicgames.com/Images/0A4E3F01D11F9A375EA28AC75FE0BC3B68417A29.png,Epic_CDN\Wukong\04_E_Control Aggression.png,failed,URLError: <urlopen error [Errno 11001] getaddrinfo failed>,,,
epic-api-dump,Wukong,"84,000 Hairs",R,UNKNOWN,https://developer-paragon-cdn.epicgames.com/Images/CCC49A6715418DDBF8ABC1B8658291FD3C1A2F9A.png,"Epic_CDN\Wukong\05_R_84,000 Hairs.png",failed,URLError: <urlopen error [Errno 11001] getaddrinfo failed>,,,
epic-api-dump,Yin,Whip Crack,LMB,Basic,https://developer-paragon-cdn.epicgames.com/Images/1A7B4E0742F7B5C3A87FCCD5765C18ADA1593CAF.png,Epic_CDN\Yin\01_LMB_Whip Crack.png,failed,URLError: <urlopen error [Errno 11001] getaddrinfo failed>,,,
epic-api-dump,Yin,Backlash,RMB,Alternate,https://developer-paragon-cdn.epicgames.com/Images/7D35AE4FCF5A7DFC2BBAC40DFE38F62A1710DAA5.png,Epic_CDN\Yin\02_RMB_Backlash.png,failed,URLError: <urlopen error [Errno 11001] getaddrinfo failed>,,,
epic-api-dump,Yin,Lash Kick,Q,Primary,https://developer-paragon-cdn.epicgames.com/Images/DD9B95A99AFD0BCEBB9208CCA9DF1B58123EE236.png,Epic_CDN\Yin\03_Q_Lash Kick.png,failed,URLError: <urlopen error [Errno 11001] getaddrinfo failed>,,,
epic-api-dump,Yin,Windburn,E,Ultimate,https://developer-paragon-cdn.epicgames.com/Images/F4F19725E303B2CFE609C2DC9F604DEDB0588963.png,Epic_CDN\Yin\04_E_Windburn.png,failed,URLError: <urlopen error [Errno 11001] getaddrinfo failed>,,,
epic-api-dump,Yin,Quelling Gale,R,Ultimate,https://developer-paragon-cdn.epicgames.com/Images/2B0A4D2C61C3583A03CC85AF907747C09177AF27.png,Epic_CDN\Yin\05_R_Quelling Gale.png,failed,URLError: <urlopen error [Errno 11001] getaddrinfo failed>,,,
epic-api-dump,Zinx,Pistol Shot,LMB,Basic,https://developer-paragon-cdn.epicgames.com/Images/F8A1D803DCE1E48FE03E8FB6547485A8F86F3B6E.png,Epic_CDN\Zinx\01_LMB_Pistol Shot.png,failed,URLError: <urlopen error [Errno 11001] getaddrinfo failed>,,,
epic-api-dump,Zinx,Bad Medicine,RMB,Alternate,https://developer-paragon-cdn.epicgames.com/Images/6130D935F429C95FD4EA4626EC04C4CAD179CF3B.png,Epic_CDN\Zinx\02_RMB_Bad Medicine.png,failed,URLError: <urlopen error [Errno 11001] getaddrinfo failed>,,,
epic-api-dump,Zinx,Kitty Claws,Q,Primary,https://developer-paragon-cdn.epicgames.com/Images/3C798ED07EE4AF4E98C0CA6F37574F8E04040C4C.png,Epic_CDN\Zinx\03_Q_Kitty Claws.png,failed,URLError: <urlopen error [Errno 11001] getaddrinfo failed>,,,
epic-api-dump,Zinx,Ricochet Stun,E,Secondary,https://developer-paragon-cdn.epicgames.com/Images/438E83D98BEF2FD1B60673F90D942C8AC4DF6ADB.png,Epic_CDN\Zinx\04_E_Ricochet Stun.png,failed,URLError: <urlopen error [Errno 11001] getaddrinfo failed>,,,
epic-api-dump,Zinx,Dirty Healing,R,Ultimate,https://developer-paragon-cdn.epicgames.com/Images/FC28F46BFD3116724E5586CAAF9203686173EA99.png,Epic_CDN\Zinx\05_R_Dirty Healing.png,failed,URLError: <urlopen error [Errno 11001] getaddrinfo failed>,,,
